<configuration debug="true">
    <appender name="STDOUT" class="ch.qos.logback.core.ConsoleAppender">
        <!-- encoders are assigned the type
             ch.qos.logback.classic.encoder.PatternLayoutEncoder by default -->
        <encoder>
            <pattern>%d{HH:mm:ss.SSS} [%thread] %-5level %logger{36} - %msg%n</pattern>
        </encoder>

    </appender>

    <appender name="FILE" class="ch.qos.logback.core.FileAppender">
        <file>tests.log</file>
        <append>true</append>
        <encoder>
            <pattern>%-4relative [%thread] %-5level %logger{35} - %msg%n</pattern>
        </encoder>
    </appender>


    <logger name="sk.train" level="TRACE">
        <appender-ref ref="FILE" />
    </logger>

    <root level="debug">
        <appender-ref ref="STDOUT" />
    </root>
</configuration>